code;product;2000-01;2000-02;2000-03;2000-04;2000-05;2000-06;2000-07;2000-08;2000-09;2000-10;2000-11;2000-12;2001-01;2001-02;2001-03;2001-04;2001-05;2001-06;2001-07;2001-08;2001-09;2001-10;2001-11;2001-12;2002-01;2002-02;2002-03;2002-04;2002-05;2002-06;2002-07;2002-08;2002-09;2002-10;2002-11;2002-12;2003-01;2003-02;2003-03;2003-04;2003-05;2003-06;2003-07;2003-08;2003-09;2003-10;2003-11;2003-12;2004-01;2004-02;2004-03;2004-04;2004-05;2004-06;2004-07;2004-08;2004-09;2004-10;2004-11;2004-12;2005-01;2005-02;2005-03;2005-04;2005-05;2005-06;2005-07;2005-08;2005-09;2005-10;2005-11;2005-12;2006-01;2006-02;2006-03;2006-04;2006-05;2006-06;2006-07;2006-08;2006-09;2006-10;2006-11;2006-12;2007-01;2007-02;2007-03;2007-04;2007-05;2007-06;2007-07;2007-08;2007-09;2007-10;2007-11;2007-12;2008-01;2008-02;2008-03;2008-04;2008-05;2008-06;2008-07;2008-08;2008-09;2008-10;2008-11;2008-12;2009-01;2009-02;2009-03;2009-04;2009-05;2009-06;2009-07;2009-08;2009-09;2009-10;2009-11;2009-12;2010-01;2010-02;2010-03;2010-04;2010-05;2010-06;2010-07;2010-08;2010-09;2010-10;2010-11;2010-12;2011-01;2011-02;2011-03;2011-04;2011-05;2011-06;2011-07;2011-08;2011-09;2011-10;2011-11;2011-12;2012-01;2012-02;2012-03;2012-04;2012-05;2012-06;2012-07;2012-08;2012-09;2012-10;2012-11;2012-12;2013-01;2013-02;2013-03;2013-04;2013-05;2013-06;2013-07;2013-08;2013-09;2013-10;2013-11;2013-12;2014-01;2014-02;2014-03;2014-04;2014-05;2014-06;2014-07;2014-08;2014-09;2014-10;2014-11;2014-12;2015-01;2015-02;2015-03;2015-04;2015-05;2015-06;2015-07;2015-08;2015-09;2015-10;2015-11;2015-12;2016-01;2016-02;2016-03;2016-04;2016-05;2016-06;2016-07;2016-08;2016-09;2016-10;2016-11;2016-12;2017-01;2017-02;2017-03;2017-04;2017-05;2017-06;2017-07;2017-08;2017-09;2017-10;2017-11;2017-12;2018-01;2018-02;2018-03;2018-04;2018-05;2018-06;2018-07;2018-08;2018-09;2018-10;2018-11;2018-12;2019-01;2019-02;2019-03;2019-04;2019-05;2019-06;2019-07;2019-08;2019-09;2019-10;2019-11;2019-12;2020-01;2020-02;2020-03;2020-04;2020-05;2020-06;2020-07;2020-08;2020-09;2020-10;2020-11;2020-12;2021-01;2021-02;2021-03;2021-04;2021-05;2021-06;2021-07;2021-08;2021-09;2021-10;2021-11;2021-12
AZ; Products of Agriculture, forestry and fishing ;905;946;1055;877;941;767;713;782;763;903;883;881;875;886;896;787;893;805;746;716;712;792;813;790;968;927;1032;916;773;733;703;756;828;933;900;952;1029;931;1047;956;838;803;801;776;826;916;787;863;879;916;1058;929;802;802;752;786;830;873;877;913;931;981;1155;940;823;808;676;734;815;803;880;924;966;964;1149;891;904;852;694;789;851;906;952;939;1132;1111;1244;1032;906;878;891;894;852;953;993;984;1207;1345;1234;1335;1087;1093;1087;981;1105;1188;1049;1152;1051;1120;1284;1062;884;916;828;806;855;937;829;936;957;1075;1300;1107;995;1075;957;941;1190;1151;1298;1285;1266;1488;1821;1375;1386;1166;1065;1122;1192;1372;1326;1221;1279;1203;1542;1178;1146;1045;959;1196;1110;1510;1380;1388;1650;1672;1772;1503;1333;1127;1083;1172;1141;1268;1177;1328;1464;1428;1433;1249;1057;1079;1070;951;1048;1297;1208;1240;1352;1487;1612;1436;1176;1282;1204;1113;1154;1135;1201;1315;1341;1458;1619;1336;1293;1171;975;928;919;918;1044;1104;1188;1214;1433;1127;1102;1076;966;1070;1004;1110;1231;1200;1327;1373;1455;1349;1230;1144;1066;1063;988;1230;1245;1267;1424;1470;1695;1587;1196;1037;1156;997;1082;1289;1245;1348;1518;1600;1765;1579;1146;1245;1059;946;972;1163;1195;1243;1309;1471;1729;1380;1179;1137;1075;1212;1229;1431;1667;1664
BZ ; Natural hydrocarbons and other mining and quarrying ;48;52;71;54;58;55;63;52;56;69;56;45;52;60;76;76;60;54;51;43;58;62;52;45;66;79;73;69;62;62;64;49;59;63;64;56;62;75;79;86;92;64;78;48;65;80;66;87;90;100;103;83;72;83;73;63;63;78;87;82;156;164;180;177;168;147;162;142;144;171;171;193;229;230;245;159;209;150;173;161;188;199;212;228;235;224;237;156;182;198;196;152;167;184;234;247;280;279;268;254;208;216;188;165;230;261;295;307;282;248;222;136;95;119;129;96;125;168;164;186;179;193;216;189;203;195;136;79;81;110;116;175;210;208;317;233;151;178;214;272;300;247;317;367;285;369;266;299;292;229;259;257;191;157;188;344;203;227;167;186;183;161;249;187;191;192;234;329;187;196;184;164;211;198;214;264;308;287;340;373;308;252;201;109;144;100;162;104;125;151;245;252;168;142;142;98;85;68;92;65;220;132;170;184;202;132;142;149;203;199;184;143;136;251;224;243;303;296;151;184;216;204;196;120;282;200;197;253;340;315;322;286;315;247;266;196;204;249;141;157;268;206;184;162;155;129;151;150;122;94;94;136;235;132;131;159;95;108;186;170;323;270;498;574
CA; Agrifood industries products (Agrifood industries) ;1847;1999;2344;2082;2418;2256;2126;2159;2517;2909;2905;2372;2056;2065;2331;2202;2364;2342;2260;2136;2412;2863;2789;2227;2162;2168;2376;2395;2314;2304;2432;2117;2567;2969;2815;2372;2224;2166;2379;2469;2201;2300;2457;2098;2688;2947;2655;2446;2087;2166;2558;2422;2245;2572;2347;2178;2714;2704;2781;2529;2038;2163;2497;2377;2396;2539;2343;2404;2695;2817;2995;2681;2323;2381;2922;2471;2698;2753;2485;2562;2830;3063;3191;2671;2488;2542;2878;2652;2829;2919;2892;2769;2950;3533;3356;2769;2823;2933;2893;3109;2870;2979;3191;2640;3279;3477;3027;2901;2384;2420;2735;2712;2531;2818;2804;2420;2972;3079;3037;2945;2363;2562;3145;2892;2792;3163;3009;2799;3269;3372;3578;3433;2831;3022;3654;3236;3525;3297;3278;3288;3719;3847;3935;3556;3211;3276;3746;3452;3665;3695;3654;3447;3606;4230;4022;3344;3425;3306;3523;3720;3657;3626;3849;3358;3725;4282;3847;3631;3384;3359;3582;3727;3453;3459;3819;3185;3816;4269;3756;3687;3234;3334;3859;3808;3327;3885;3874;3330;4123;4159;3978;3798;3210;3463;3785;3631;3518;3841;3598;3592;4062;4078;4093;3896;3525;3478;4149;3744;3996;4083;3803;3908;4114;4464;4439;3811;3663;3621;4085;3856;3894;4133;4124;3836;3893;4623;4286;3656;3797;3768;4045;4166;4199;3837;4359;3805;4209;4733;4145;3786;3758;3727;3943;3410;3269;3884;4172;3574;4083;4488;4260;4033;3523;3744;4584;4478;4351;4801;4454;4287;4707;4882;4920;4610
CB; Textiles, clothing, leather and footwear ;1190;1404;1521;1188;1284;1264;1356;1111;1437;1473;1381;1140;1364;1537;1657;1330;1261;1356;1545;1156;1377;1551;1295;1006;1403;1507;1549;1386;1216;1277;1552;1153;1465;1547;1259;1069;1422;1501;1538;1315;1089;1181;1505;1047;1401;1451;1152;1076;1328;1429;1566;1270;1067;1291;1460;1087;1473;1360;1227;1148;1291;1425;1506;1284;1129;1324;1461;1206;1544;1329;1286;1201;1383;1495;1719;1223;1227;1408;1461;1331;1587;1431;1371;1198;1452;1539;1726;1252;1254;1435;1667;1431;1613;1565;1397;1192;1505;1676;1501;1414;1153;1323;1668;1309;1547;1496;1239;1258;1351;1362;1474;1198;1059;1266;1514;1147;1358;1288;1189;1205;1269;1451;1566;1276;1088;1452;1577;1272;1541;1455;1415;1421;1467;1561;1766;1367;1390;1484;1672;1507;1661;1485;1471;1501;1600;1682;1752;1375;1387;1652;1860;1589;1537;1758;1623;1426;1719;1707;1676;1509;1416;1621;1888;1464;1636;1807;1590;1613;1687;1763;1744;1567;1456;1705;1972;1524;1726;1875;1683;1759;1771;1825;1963;1710;1586;1947;2106;1633;1899;1957;1848;1993;1850;1957;1994;1776;1762;2037;2025;1828;1949;1967;1984;2002;1976;1981;2164;1678;1953;2161;2167;1885;1996;2113;2150;2042;2240;2081;2218;1931;2042;2205;2394;2064;2021;2436;2460;2156;2439;2291;2357;2266;2353;2280;2745;2140;2181;2667;2502;2258;2472;2285;1672;815;1367;2222;2496;2076;2357;2538;2319;2479;2094;2184;2549;2321;2246;2581;2565;2277;2516;2624;2785;2906
CC; Wood, paper and cardboard ;648;684;758;655;787;771;704;625;749;817;780;693;759;707;775;687;743;818;737;594;705;800;728;564;710;686;709;750;716;734;769;566;737;780;695;620;745;677;728;711;682;711;731;528;725;776;676;641;693;677;766;703;672;777;722;551;730;727;743;680;691;677;724;716;709;781;709;612;752;738;767;694;735;713;830;693;780;821;733;644;764;811;791;681;780;743;817;740;782;846;816;655;774;851;802;653;809;806;765;816;751;789;806;578;770;792;664;603;620;619;655;623;589;673;716;479;688;683;657;608;627;641;721;690;661;740;720;565;741;715;724;648;689;687;808;688;770;745;726;627;751;696;704;642;704;676;731;645;698;776;744;600;676;764;699;572;689;649;676;684;677;698;768;552;695;747;671;603;710;648;676;682;682;729;771;539;725;756;668;627;678;667;730;729;676;810;772;544;732;745;702;657;685;711;740;712;720;769;728;596;724;700;728;653;697;687;778;674;760;805;742;607;728;781;765;654;752;711;772;724;741;821;815;638;722;825;775;645;757;735;780;754;766;748;806;571;692;788;696;597;685;663;699;602;605;689;698;518;680;690;693;627;645;678;769;740;734;840;794;635;824;840;873;808
CD; Manufacture of coke and refined petroleum products ;380;401;432;451;457;491;472;504;527;612;649;501;478;461;442;458;498;401;361;422;394;431;426;372;326;364;408;379;401;413;339;344;361;414;314;484;470;451;411;353;410;345;385;358;390;432;407;522;419;404;470;390;409;483;571;475;530;586;484;538;459;549;628;657;666;788;754;824;878;842;996;879;929;857;843;841;975;1001;877;985;965;925;919;829;783;716;746;829;942;890;969;900;877;908;977;955;1106;1097;1121;1079;1511;1372;1562;1256;1520;1182;883;625;544;701;612;603;717;865;796;684;726;696;623;783;600;777;946;1044;850;833;902;959;825;521;892;1050;1036;1102;1143;1032;1210;1203;944;1143;1068;1039;1120;1092;1278;1320;1115;930;1007;1017;1040;1331;1011;1376;1191;1072;1057;1237;866;1110;1048;922;998;974;915;900;985;987;1043;936;959;888;844;947;1029;886;1081;950;934;718;678;595;920;794;746;797;713;596;667;712;677;645;447;473;568;582;542;440;642;612;561;622;649;828;714;659;712;666;643;608;621;626;843;828;803;851;811;764;765;701;735;705;967;912;825;1067;734;946;648;819;788;782;692;597;719;597;785;544;623;602;535;534;378;277;220;300;412;328;383;367;468;423;350;435;561;555;447;482;589;717;503;703;723;794
CE; Chemicals, perfumes and cosmetics ;2727;3081;3350;2886;3137;2977;2990;2856;3126;3300;3262;2763;3056;3144;3486;3091;3158;3193;3147;2790;2855;3258;2992;2345;3220;2991;3232;3362;3058;2983;3113;2642;3117;3321;2962;2780;3132;3216;3348;3243;2993;3121;3177;2438;3055;3214;2927;2812;3053;3095;3540;3260;3011;3455;3417;2870;3410;3382;3395;2978;3172;3381;3707;3480;3432;3609;3219;3108;3666;3519;3587;3254;3592;3741;4366;3779;3809;3937;3519;3386;3702;3956;3827;3290;3898;3894;4414;3783;3775;3969;4117;3665;3805;4381;3874;3445;4340;4450;4129;4462;3914;4177;4513;3600;4314;4347;3419;3004;3195;3337;3703;3350;3145;3453;3730;2927;3635;3687;3399;3110;3483;3733;4412;3994;3757;4236;4164;3649;4155;3680;3962;3726;4009;4315;5135;4326;4608;4261;4271;4248;4588;4145;4197;3704;4587;4410;5015;4432;4346;4693;4534;4122;4064;4658;4290;3489;4606;4298;4586;4488;4219;4276;4637;3939;4181;4464;4044;3640;4555;4416;4654;4478;4265;4426;4768;3743;4536;4647;4160;4025;4349;4585;5022;4656;4053;4790;4836;3816;4382;4500;4288;4004;4459;4609;4630;4391;4018;4401;4211;4045;4327;4206;4379;4140;4570;4640;5454;4544;4820;4899;4643;4353;4757;4787;4770;4275;5138;4722;5337;4799;4713;5023;4943;4563;4564;5399;4894;4111;5267;5176;5510;5048;5048;4771;5356;4446;4802;5288;4693;4141;5044;4936;5178;4012;3550;4153;4475;3878;4649;4785;4848;4438;4819;4954;5942;5284;5062;6363;5342;4966;5802;5975;5788;5537
CF; Pharmaceutical products ;983;1035;1081;918;1051;1088;1067;965;1024;1396;1220;1199;1127;1168;1543;1160;1187;1284;1367;1124;1192;1416;1410;1180;1478;1396;1439;1437;1235;1359;1607;1208;1332;1506;1435;1230;1547;1331;1415;1553;1311;1395;1571;1248;1384;1617;1393;1398;1487;1410;1671;1505;1366;1544;1470;1309;1474;1663;1570;1588;1531;1433;1570;1644;1534;1655;1591;1498;1634;1786;1790;1676;1652;1685;1887;1646;1751;1845;1748;1619;1692;1933;1850;1727;1866;1690;1931;1776;1692;1880;1968;1675;1797;2087;1856;1651;1940;2045;1844;2034;1722;2091;2086;1673;2087;2253;2062;1965;2023;1960;2313;2108;1870;2244;2339;1828;2119;2390;2212;2196;2332;2419;2510;2284;2094;2544;2568;2049;2061;2261;2224;1949;1989;2068;2388;2135;2176;2242;2075;1972;2137;2085;2173;2130;2273;2205;2598;2406;2316;2596;2519;2158;2389;2754;2605;2074;2547;2581;2472;2585;2458;2611;2704;2055;2378;2792;2336;2036;2164;2363;2366;2381;2155;2390;2688;2058;2556;2640;2114;2401;2347;2395;2734;2588;2189;2692;2455;1928;2492;2523;2325;2513;2159;2194;2490;2690;2621;2680;2460;2234;2390;2554;2475;2336;2277;2367;2868;2549;2627;2525;2457;2092;2343;2797;2469;2277;2314;2186;3104;2371;2218;2663;2987;2282;2207;3066;2645;2418;2639;2452;2746;2675;2936;2705;3482;2411;2978;3336;2534;2762;2830;2665;3874;2927;2567;2945;3004;2195;3195;3011;3047;2956;3102;2699;3075;2770;2518;3275;2820;2669;3022;2905;3275;3066
CG; Rubber and plastic products, miscellaneous minerals ;1088;1198;1381;1149;1320;1254;1201;1011;1271;1357;1298;1073;1207;1226;1393;1223;1312;1305;1294;1014;1196;1376;1231;983;1195;1225;1316;1309;1261;1277;1328;973;1276;1410;1248;1038;1247;1212;1309;1305;1202;1268;1314;914;1310;1408;1217;1089;1199;1246;1475;1351;1265;1445;1339;996;1381;1375;1320;1172;1223;1265;1424;1355;1310;1454;1290;1088;1422;1382;1397;1190;1319;1334;1580;1306;1437;1575;1397;1184;1479;1583;1504;1240;1464;1448;1658;1472;1540;1637;1572;1269;1499;1693;1588;1223;1539;1591;1538;1716;1460;1518;1593;1134;1556;1593;1294;1093;1162;1172;1292;1232;1135;1271;1318;947;1304;1341;1230;1049;1146;1264;1482;1392;1270;1620;1526;1173;1454;1463;1433;1279;1387;1457;1682;1450;1594;1510;1476;1224;1529;1494;1473;1274;1430;1503;1652;1433;1457;1590;1538;1258;1451;1611;1459;1154;1454;1431;1511;1542;1462;1524;1603;1174;1472;1616;1395;1203;1481;1460;1568;1575;1428;1522;1586;1119;1523;1605;1374;1258;1442;1476;1632;1622;1409;1689;1629;1183;1586;1629;1489;1335;1445;1559;1678;1626;1525;1689;1494;1266;1577;1549;1538;1318;1509;1534;1833;1492;1630;1745;1566;1356;1632;1733;1667;1350;1649;1595;1788;1641;1640;1770;1699;1374;1558;1796;1673;1285;1647;1666;1805;1715;1712;1648;1776;1326;1645;1843;1577;1318;1613;1627;1565;1083;1172;1487;1594;1194;1639;1682;1598;1389;1511;1606;1881;1735;1632;1858;1713;1415;1778;1770;1769;1581
CH; Steel and metal products ;1759;1996;2088;1811;2183;1973;1963;1449;2025;2243;2184;1812;2024;1917;2243;1968;2196;2112;2093;1392;1848;2173;1944;1531;1851;1904;2003;2009;1968;2143;2168;1395;2011;2185;1949;1602;1947;1932;1999;2033;1890;1972;2021;1174;2056;2140;1861;1706;1850;1957;2264;2129;2015;2345;2166;1411;2273;2268;2230;1945;2092;2185;2376;2295;2340;2422;2245;1572;2434;2403;2494;2183;2464;2485;2892;2480;2762;2959;2623;1889;2835;3061;2974;2483;2888;2853;3272;2935;2982;3302;3082;1948;2818;3337;3018;2439;2989;3133;3096;3401;2900;3373;3382;2023;3248;3172;2595;2167;2097;2048;2116;1948;1966;2216;2305;1372;2233;2336;2193;1888;1958;2129;2599;2520;2519;2839;2591;1821;2664;2709;2878;2302;2607;2660;3064;2754;3176;2937;2875;1987;2940;2855;2976;2411;2760;2888;2979;2728;2709;2952;2857;1919;2531;2940;2682;2068;2606;2535;2598;2726;2526;2581;2746;1686;2522;2769;2492;1963;2453;2433;2618;2572;2431;2523;2741;1691;2603;2809;2362;2077;2463;2384;2771;2733;2385;2830;2654;1654;2767;2648;2421;2056;2248;2461;2526;2370;2257;2606;2273;1728;2486;2431;2428;2064;2489;2516;2902;2528;2754;2842;2668;1935;2648;2966;2838;2268;2742;2663;2945;2646;2755;2923;2918;1989;2669;3027;2892;2110;2818;2676;2816;2797;2841;2600;2827;1914;2598;2912;2573;1977;2537;2534;2165;1586;1713;2109;2298;1453;2374;2430;2343;2127;2318;2438;2879;2699;2642;3009;2989;2144;2945;3297;3222;2786
CI; Computer, electronic and optical products ;2552;2703;3476;2741;3386;3608;2881;2927;3776;3789;3998;4270;3016;3061;3745;2717;2711;3217;2633;2431;2959;3098;3173;3310;2537;2563;2971;2576;2550;2929;2716;2150;2572;2751;2754;2738;2035;2196;2453;2210;1992;2292;2029;1926;2535;2635;2475;2834;2038;2143;2782;2334;2140;2800;2353;2126;2710;2498;2600;2858;2039;2179;2551;2269;2205;2766;2262;2315;2944;2667;2802;3318;2369;2705;3568;2942;3161;3322;2338;2147;2773;2681;2794;3056;2073;2229;2678;2179;2241;2645;2263;2115;2563;2567;2627;2662;2096;2213;2363;2173;1955;2527;2093;1739;2451;2372;2199;2672;1637;1738;2126;1715;1667;2111;1787;1433;2122;2006;2003;2247;1689;1740;2196;1877;1877;2640;2367;2025;2698;2429;2485;2864;2049;2053;2688;2169;2313;2470;2162;2070;2556;2340;2413;2678;2075;2199;2505;2137;2318;2705;2362;2096;2411;2587;2547;2401;2130;2039;2348;2358;2163;2479;2414;1998;2412;2576;2327;2503;2108;2059;2419;2250;2175;2407;2351;1873;2530;2488;2340;2641;2098;2171;2634;2461;2208;2814;2641;2060;2723;2581;2612;2886;2143;2335;2674;2353;2338;2617;2256;2111;2619;2394;2589;2895;2233;2308;2953;2243;2344;2694;2361;2241;2643;2602;2815;2768;2372;2239;2624;2526;2472;2776;2640;2271;2590;2843;2834;2850;2515;2422;2666;2778;2752;2640;2592;2417;2731;2811;2875;2889;2314;2427;2427;1482;1776;2294;2409;1976;2528;2496;2409;2579;2187;2043;2557;2363;2247;2613;2369;2224;2610;2501;2928;2926
CJ; Electrical and household equipment ;1134;1197;1408;1160;1346;1331;1288;1120;1403;1564;1572;1440;1428;1438;1558;1399;1355;1522;1426;1112;1278;1377;1334;1093;1266;1220;1364;1296;1234;1385;1396;987;1271;1460;1309;1158;1181;1170;1272;1214;1112;1183;1296;951;1297;1466;1304;1234;1188;1201;1400;1276;1191;1407;1330;1039;1371;1340;1340;1306;1167;1210;1391;1275;1256;1381;1280;1075;1424;1425;1436;1344;1296;1343;1606;1286;1413;1671;1413;1213;1560;1654;1659;1450;1512;1545;1713;1448;1545;1784;1678;1361;1619;1862;1742;1468;1625;1720;1616;1870;1403;1788;1791;1271;1692;1878;1472;1404;1285;1344;1446;1298;1173;1400;1362;1075;1411;1589;1407;1399;1291;1308;1584;1438;1361;1666;1584;1221;1582;1624;1644;1572;1468;1505;1726;1434;1546;1495;1536;1343;1637;1591;1628;1533;1494;1585;1717;1440;1486;1675;1625;1340;1518;1733;1609;1349;1467;1438;1606;1600;1441;1517;1640;1230;1556;1744;1535;1432;1458;1491;1584;1513;1416;1559;1599;1171;1589;1726;1510;1590;1464;1480;1725;1658;1417;1762;1663;1254;1703;1745;1651;1639;1482;1579;1729;1558;1501;1730;1484;1357;1723;1596;1681;1684;1527;1627;1909;1478;1584;1740;1607;1380;1766;1836;1874;1655;1739;1618;1940;1631;1611;1775;1754;1412;1625;1890;1866;1575;1690;1665;1825;1776;1755;1719;1817;1434;1839;2053;1789;1710;1699;1754;1567;1086;1217;1663;1717;1321;1789;1889;1814;1685;1566;1699;1962;1749;1649;1932;1788;1450;1879;1915;1966;1930
CK; Industrial and agricultural machinery, miscellaneous machinery ;1825;2086;2501;1996;2346;2209;2089;1717;2255;2443;2403;2416;2111;2146;2621;2176;2255;2394;2321;1796;2043;2521;2449;2229;2141;2141;2448;2494;2326;2557;2672;1777;2264;2622;2287;2376;2080;2216;2666;2408;2217;2448;2456;1664;2362;2575;2217;2597;1957;2196;2633;2411;2254;2793;2553;1803;2464;2573;2459;2658;2194;2344;2741;2604;2505;2828;2459;1964;2685;2557;2676;2810;2449;2574;3236;2634;2915;3191;2865;2253;2925;3080;3051;2970;2634;2729;3266;2930;2961;3437;3234;2431;3005;3442;3231;3019;2968;3218;3382;3488;3014;3407;3366;2202;3279;3210;2855;2907;2243;2396;2753;2451;2199;2591;2527;1768;2413;2422;2374;2598;2111;2359;2785;2570;2488;3001;2679;2096;2838;2788;2846;2866;2455;2768;3449;2823;3115;3032;2861;2417;3089;2894;3064;2992;2855;3024;3428;2895;2819;3406;3155;2397;2936;3145;3160;2785;2710;2797;3165;3023;2858;3146;3190;2154;2906;3198;2800;2873;2741;2828;3165;3135;2819;3173;3246;2142;3214;3339;2851;3115;2808;2956;3442;3162;2789;3517;3303;2268;3147;3143;2928;3149;2714;3079;3317;3150;2949;3431;3123;2357;3274;3053;3008;3212;2872;2940;3707;3015;3205;3523;3159;2509;3206;3334;3427;3186;3063;3070;3636;3223;3086;3600;3390;2612;3072;3492;3308;3098;3170;3265;3600;3330;3350;3291;3554;2405;3219;3517;3111;3141;2996;3096;2857;1882;2253;3074;3188;2197;3104;3257;3105;3126;2736;3038;3745;3238;3085;3567;3384;2513;3360;3231;3202;3464
CL; Transport equipment ;5149;5602;6380;5413;6634;6449;5670;3486;5912;6168;6287;5523;6075;7007;7339;5979;6713;7483;6663;5255;6139;7430;6757;5061;5512;6377;6489;7523;6633;6810;6389;4337;6264;7254;6074;6660;6082;6001;7077;6652;5830;7063;6645;3698;6702;7582;6745;7352;5742;6297;7571;7289;6918;8035;7075;3825;6867;7604;6688;6644;6105;6943;7319;7102;6881;8056;6784;3998;7633;7114;7109;6987;7084;7311;8121;7327;7613;8576;7356;4232;7650;7681;7878;6514;6716;7394;8348;7980;7421;8343;7190;4699;7617;8389;7275;6625;7937;8073;7832;8277;6974;7883;7936;4102;7533;7298;6837;7075;5019;6064;6265;5945;6494;6234;7626;3677;6673;7215;5812;5893;6023;6808;7666;7879;5991;8856;8535;4377;6957;7559;7713;7012;6472;7068;8093;7393;7717;7490;6717;5344;6929;7353;8411;7599;6844;8142;8886;7472;8024;7877;8356;5911;8060;8220;8383;6983;6670;6905;9172;9382;7334;7829;8085;5272;7347;8852;7939;7553;7150;7684;8321;8189;7903;8261;7644;4517;7848;8797;8711;8373;7234;8879;8791;9087;8079;10701;8015;5850;8571;9664;9381;9323;6887;8512;9576;9042;9590;10090;7531;6286;8813;8244;9533;12217;6911;8279;10049;8187;10470;9906;7899;6302;9526;9224;9693;11003;7657;9115;10414;9708;8423;10456;9938;6245;8958;11112;10584;10037;8650;9799;10803;9917;10807;10486;9907;6699;8653;11350;10023;11059;7572;9529;7373;2260;3250;5425;6285;4053;7605;8950;8104;8488;6006;6970;7714;7980;6347;7980;6341;4770;7038;7488;7087;8625
CM; Miscellaneous manufactured products ;529;624;746;623;711;687;684;537;755;859;855;730;675;720;808;691;726;782;805;593;773;872;796;676;648;699;767;768;716;809;817;548;815;889;769;716;642;678;754;712;649;704;772;501;798;841;715;712;597;672;840;737;702;799;779;571;837;879;820;770;651;743;853;776;746;842;784;622;873;881;904;847;755;771;944;777;812;911;834;678;878;1040;966;848;792;849;939;836;878;987;966;733;921;1057;991;873;846;948;927;1010;885;993;1027;706;986;1073;913;906;819;877;936;869;808;913;887;649;970;952;880;868;723;858;1026;906;874;1032;1021;763;1005;1038;1035;1036;903;983;1122;971;1027;1159;1039;826;1333;1129;1083;1085;1015;1088;1153;1025;1013;1176;1257;915;1251;1274;1172;1007;1094;1050;1113;1106;1064;1278;1304;991;1317;1327;1165;1130;1061;1128;1310;1136;1092;1171;1432;1049;1501;1440;1136;1149;1046;1159;1349;1222;1248;1478;1754;1043;1414;1405;1306;1268;1078;1269;1486;1259;1348;1432;1792;1102;1468;1372;1398;1218;1217;1264;1547;1185;1489;1632;1609;1094;1401;1408;1512;1284;1220;1230;1465;1289;1558;1764;1859;1178;1345;1611;1582;1461;1331;1424;2179;1470;1760;1710;1937;1436;1530;1834;1541;1403;1399;1466;1434;702;842;1302;1549;1108;1583;1546;1455;1486;1152;1384;1635;1460;1338;1753;1597;1282;1505;1536;1622;1585
DE; Natural hydrocarbons, other mining products, electricity, waste ;431;438;506;435;448;443;429;373;428;498;461;436;459;468;496;485;459;456;447;371;436;440;421;406;459;468;481;512;477;451;475;381;444;489;471;481;451;446;508;465;399;422;426;337;455;500;466;488;545;563;602;534;487;503;486;433;538;620;618;576;619;578;661;672;691;695;630;600;735;753;802;774;755;706;819;761;837;781;822;661;879;906;906;781;790;799;839;734;768;809;755;614;734;886;805;744;1023;1033;918;1022;980;1068;980;797;853;839;739;710;693;640;601;471;464;457;486;376;510;583;544;572;611;677;816;801;720;859;729;591;745;719;740;760;938;979;1224;970;984;906;915;851;1020;891;1005;980;1021;999;1017;967;915;863;883;753;849;846;851;934;835;809;766;777;744;695;837;664;836;827;782;900;854;797;744;713;789;802;828;728;969;912;921;914;890;825;808;693;653;704;749;555;678;723;802;751;633;571;597;532;530;607;525;447;699;600;703;683;831;740;857;722;800;712;716;600;739;880;830;777;978;916;799;782;897;967;955;707;1053;986;823;929;934;983;1021;881;990;824;860;647;778;820;625;602;839;770;640;436;466;544;604;545;616;654;712;709;992;863;996;938;985;1253;1334;1208;1770;1693;1632;1668
DZ; Electricity and manufactured gas ;261;245;286;262;233;248;243;243;243;243;254;262;257;257;279;282;243;243;257;251;254;243;260;262;259;248;268;286;281;247;267;245;254;284;280;310;248;221;271;222;185;229;239;221;227;235;244;263;267;256;250;204;234;225;239;219;235;283;283;292;254;203;248;245;292;316;285;304;324;317;373;340;255;205;238;285;230;242;329;234;299;276;305;213;190;170;161;157;173;194;181;199;193;271;203;208;315;295;235;281;326;360;342;324;246;255;278;244;248;208;191;127;153;105;108;108;100;104;105;120;122;141;172;156;136;231;230;228;193;162;183;175;245;255;294;276;305;268;232;221;231;237;280;259;259;175;236;202;195;169;168;204;210;210;234;203;218;195;184;182;187;140;193;228;217;201;183;213;253;206;189;153;199;193;207;181;209;197;239;222;233;218;220;197;173;206;253;228;213;255;273;250;212;152;154;131;147;191;154;142;153;156;179;171;223;252;256;209;222;145;198;179;191;205;173;198;276;238;241;210;292;322;353;311;379;356;240;340;232;290;254;202;286;220;234;209;205;200;174;174;220;188;172;93;112;110;112;135;113;169;241;223;304;265;272;241;384;546;612;613;832;864;538;549
EZ; Industrial and household waste ;123;142;149;119;157;140;123;78;129;186;151;129;150;151;141;126;156;159;138;77;124;135;108;99;134;141;140;157;134;142;145;87;131;142;127;114;142;150;158;157;122;129;110;67;163;186;156;138;188;207;249;247;181;194;174;152;240;260;248;201;209;211;233;250;232;232;183;153;267;265;257;241;271;270;336;318;398;389;321;266;392;431;390;340;365;405;441;421;413;417;378;262;373;430;368;288;428;458;415;487;446;492;450;308;378;322;166;160;162;185;188;209;215;233;250;172;285;311;274;267;311;343;428;456;381;432;363;284;470;447;440;409;483;516;613;461;528;460;468;359;489;407;408;354;478;455;514;466;428;465;456;293;448;479;429;387;415;387;416;409;374;394;395;249;428;434;364;358;414;394;371;396;378;411;407;283;452;427;342;320;349;355;387;387;337;398;334;223;341;317;284;248;253;278;301;304;298;347;279;240;325;312;355;327;406;356;460;364;375;367;333;279;412;424;433;337;399;382;407;389;389;441;406;276;392;430;385;336;361;377;445;393;389;357;360;243;370;370;310;272;351;375;284;180;200;305;341;260;382;390;377;350;453;466;593;538;507;598;535;425;615;559;596;545
JA; Publishing and communication products ;172;184;217;169;195;203;195;187;201;233;247;251;223;181;214;177;174;196;178;190;195;238;234;230;242;185;216;187;176;186;209;172;212;241;216;221;201;181;196;193;165;196;187;168;209;239;227;262;193;176;221;181;160;200;181;190;223;224;223;246;193;180;229;200;180;198;174;184;233;218;224;256;182;190;222;167;190;209;175;178;210;247;209;255;200;176;210;179;173;214;206;193;212;247;217;232;195;178;178;182;161;209;185;163;210;240;210;226;169;171;198;167;150;182;170;158;235;213;196;235;182;180;213;170;171;219;203;168;233;208;215;262;179;185;212;159;188;196;160;187;218;231;212;263;165;185;198;165;161;206;182;180;203;227;200;212;181;169;177;170;166;179;173;156;180;222;196;234;178;164;200;156;162;158;154;139;187;211;183;217;181;150;164;147;145;170;169;163;186;181;173;208;166;149;152;166;147;152;142;147;171;164;169;192;143;135;166;177;152;141;138;199;155;173;169;219;161;129;163;122;123;153;131;157;160;181;289;171;152;145;238;150;160;149;168;143;154;201;170;192;144;160;112;68;82;147;129;115;148;189;173;180;134;121;199;147;134;163;143;150;179;191;187;217
MM; Plans and technical drawings, photographic plates and exposed film ;3;3;5;3;6;5;6;5;7;8;5;7;3;5;3;3;5;3;9;5;12;6;3;4;3;2;4;3;3;4;5;3;5;4;3;3;3;4;3;3;5;5;6;3;4;3;6;4;5;2;3;4;4;5;3;3;3;2;3;1;1;2;5;3;4;6;5;5;4;3;3;4;4;3;4;4;7;3;4;4;8;5;3;4;4;7;4;3;3;3;3;4;2;7;3;2;4;2;2;7;2;2;3;2;2;2;3;4;2;2;2;2;2;3;7;2;1;2;2;5;3;2;3;2;1;1;5;2;2;1;2;2;2;2;2;2;3;2;2;2;2;1;2;2;2;1;1;2;1;2;2;3;2;1;2;2;1;2;2;1;2;2;1;1;1;1;2;4;2;5;1;5;1;1;1;1;2;2;1;2;1;1;1;1;2;3;3;1;3;1;1;3;2;1;2;1;1;3;1;1;1;2;1;1;1;1;1;1;2;1;1;3;2;2;2;1;2;2;1;2;2;4;2;2;2;3;2;4;2;3;2;4;2;2;2;2;3;2;4;8;2;2;2;1;2;4;4;2;2;2;2;2;1;1;2;2;1;1;1;1;4;2;4;2
RZ; Art, antiques and collectors' items ;55;72;52;120;54;95;58;37;50;91;87;55;68;48;48;48;70;52;92;45;79;60;53;44;56;50;39;49;39;63;74;76;46;59;42;57;55;68;47;44;35;55;63;46;47;62;118;44;51;54;59;47;69;58;71;31;42;58;72;60;56;62;51;52;51;72;56;47;38;62;86;76;61;99;59;62;112;119;75;54;49;72;87;71;58;92;82;52;105;79;74;63;54;100;47;67;67;76;71;68;74;68;192;107;65;118;67;94;113;106;45;47;90;42;53;38;49;115;62;106;50;51;67;57;41;59;78;63;57;49;93;73;151;119;95;87;74;123;82;64;105;71;101;114;107;71;107;50;370;201;140;57;101;84;78;80;84;95;107;96;147;114;146;48;58;259;147;292;79;74;103;89;64;139;106;50;83;97;100;122;108;83;99;120;75;85;102;167;132;93;85;100;782;122;119;65;98;85;152;90;73;71;68;80;86;101;72;96;86;109;145;83;75;213;132;111;74;124;97;108;69;76;112;51;104;193;101;112;135;92;80;137;111;108;192;71;67;153;89;106;116;110;63;8;64;58;94;51;74;82;96;131;82;82;164;97;111;107;148;100;207;100;187;137
SZ; Unworked human hair ;0;0;0;0;0;0;0;0;0;0;0;0;0;0;0;0;0;0;0;0;0;0;0;0;0;0;0;0;0;0;0;0;0;0;0;0;0;0;0;0;0;0;0;0;0;0;0;0;0;0;0;0;0;0;0;0;0;0;0;0;0;0;0;0;0;0;0;0;0;0;0;0;0;0;0;0;0;0;0;0;0;0;0;0;0;0;0;0;0;0;0;0;0;0;0;0;0;0;0;0;0;0;0;0;0;0;0;0;0;0;0;0;0;0;0;0;0;0;0;0;0;0;0;0;0;0;0;0;0;0;0;0;0;0;0;0;0;0;0;0;0;0;0;0;0;0;0;0;0;0;0;0;0;0;0;0;0;0;0;0;0;0;0;0;0;0;0;0;0;0;0;0;0;0;0;0;0;0;0;0;0;0;0;0;0;0;0;0;0;0;0;0;0;0;0;0;0;0;0;0;0;0;0;0;0;0;0;0;0;0;0;0;0;0;0;0;0;0;0;0;0;0;0;0;0;0;0;0;0;0;0;0;0;0;0;0;0;0;0;0;0;0;0;0;0;0;0;0;0;0;0;0;0;0;0;0;0;0;0;0;0;0;0;0
